epoch,time,train/box_loss,train/seg_loss,train/cls_loss,train/dfl_loss,metrics/precision(B),metrics/recall(B),metrics/mAP50(B),metrics/mAP50-95(B),metrics/precision(M),metrics/recall(M),metrics/mAP50(M),metrics/mAP50-95(M),val/box_loss,val/seg_loss,val/cls_loss,val/dfl_loss,lr/pg0,lr/pg1,lr/pg2
272,151.729,0.78724,1.59287,0.87309,1.02968,0.81933,0.62083,0.66827,0.55763,0.81432,0.60385,0.64402,0.47143,0.79429,1.8265,1.30099,1.06907,0.000439876,0.000439876,0.000439876
273,302.599,0.77956,1.60133,0.86551,1.02995,0.81975,0.61818,0.66745,0.55776,0.8148,0.60401,0.6449,0.47166,0.79334,1.82363,1.29631,1.06815,0.000436794,0.000436794,0.000436794
274,453.696,0.77072,1.57375,0.86606,1.02215,0.83165,0.61938,0.66729,0.5574,0.8208,0.60529,0.64517,0.47386,0.79196,1.82353,1.30016,1.0665,0.000433715,0.000433715,0.000433715
275,604.299,0.78597,1.60575,0.88399,1.02598,0.83067,0.61941,0.66885,0.55713,0.82435,0.60821,0.64871,0.47564,0.79271,1.82089,1.30016,1.06724,0.000430638,0.000430638,0.000430638
276,755.258,0.77819,1.60089,0.87228,1.02264,0.82779,0.61891,0.66832,0.55814,0.82102,0.60901,0.64783,0.47494,0.79382,1.82756,1.30458,1.06856,0.000427565,0.000427565,0.000427565
277,906.594,0.76625,1.55457,0.84337,1.01279,0.8195,0.62071,0.66811,0.55762,0.83036,0.60698,0.64653,0.47412,0.79286,1.82928,1.30601,1.0685,0.000424495,0.000424495,0.000424495
278,1057.16,0.77663,1.57469,0.85319,1.01541,0.83745,0.6128,0.66788,0.55754,0.8367,0.60654,0.64722,0.47461,0.79152,1.8288,1.3096,1.06638,0.000421427,0.000421427,0.000421427
279,1207.83,0.78037,1.61026,0.87812,1.02111,0.83128,0.61689,0.66827,0.55711,0.83518,0.60732,0.64681,0.47354,0.78959,1.82435,1.30961,1.06339,0.000418364,0.000418364,0.000418364
280,1358.81,0.78101,1.59213,0.86545,1.02229,0.83126,0.61246,0.66762,0.55627,0.83154,0.60461,0.64558,0.47351,0.78896,1.82126,1.30922,1.06211,0.000415303,0.000415303,0.000415303
281,1509.11,0.77272,1.56737,0.85877,1.01943,0.83229,0.61028,0.66717,0.55622,0.83101,0.60243,0.6451,0.47483,0.79032,1.82558,1.31018,1.06246,0.000412246,0.000412246,0.000412246
282,1660,0.77988,1.59696,0.8782,1.02714,0.83699,0.61113,0.6674,0.55702,0.83173,0.60534,0.64542,0.4752,0.79231,1.8247,1.30872,1.06225,0.000409193,0.000409193,0.000409193
283,1810.8,0.78483,1.59761,0.85855,1.02139,0.86084,0.59757,0.66784,0.55692,0.8569,0.59241,0.64603,0.4739,0.79147,1.8254,1.30869,1.06177,0.000406144,0.000406144,0.000406144
284,1961.54,0.7843,1.60539,0.85749,1.02972,0.8505,0.60382,0.66815,0.55723,0.8456,0.59634,0.64659,0.47417,0.79085,1.82765,1.3115,1.06132,0.000403098,0.000403098,0.000403098
285,2112.31,0.76869,1.58113,0.85576,1.02254,0.83823,0.60566,0.66729,0.55765,0.83475,0.59871,0.64724,0.47532,0.79069,1.82661,1.31497,1.06192,0.000400056,0.000400056,0.000400056
286,2263.59,0.76063,1.55553,0.84243,1.01523,0.82221,0.61144,0.66634,0.55617,0.84733,0.58801,0.64658,0.47544,0.7919,1.82881,1.31241,1.06366,0.000397019,0.000397019,0.000397019
287,2414.67,0.76341,1.56848,0.85063,1.02224,0.80898,0.62001,0.66554,0.5561,0.86121,0.58367,0.64632,0.47555,0.79174,1.82826,1.31116,1.06325,0.000393986,0.000393986,0.000393986
288,2566.04,0.76922,1.58979,0.85838,1.025,0.80585,0.61904,0.6653,0.55491,0.8546,0.58598,0.64548,0.47334,0.79028,1.83175,1.30637,1.06172,0.000390957,0.000390957,0.000390957
289,2717.32,0.76499,1.55776,0.84737,1.01653,0.8538,0.59967,0.66593,0.55637,0.85216,0.59134,0.64583,0.47383,0.78822,1.83216,1.30959,1.05838,0.000387933,0.000387933,0.000387933
290,2869.9,0.75749,1.54282,0.81933,1.01158,0.85697,0.59531,0.66587,0.55631,0.85387,0.58932,0.64562,0.47362,0.78684,1.83661,1.3074,1.05706,0.000384913,0.000384913,0.000384913
291,3021.29,0.77537,1.5996,0.8581,1.02586,0.84629,0.60166,0.66545,0.55712,0.84528,0.59465,0.64562,0.47439,0.78679,1.83904,1.31078,1.05737,0.000381899,0.000381899,0.000381899
292,3172.5,0.77492,1.58122,0.85134,1.02199,0.84989,0.60082,0.66567,0.5561,0.85145,0.59033,0.64441,0.47407,0.7857,1.839,1.31106,1.05718,0.000378888,0.000378888,0.000378888
293,3322.95,0.76489,1.58427,0.8572,1.02188,0.85019,0.60213,0.66625,0.55673,0.84348,0.594,0.64459,0.47327,0.78519,1.83995,1.30786,1.05692,0.000375883,0.000375883,0.000375883
294,3473.47,0.76925,1.58004,0.85682,1.02278,0.84687,0.6024,0.66608,0.55818,0.8431,0.59279,0.64455,0.47312,0.78591,1.83938,1.30513,1.05773,0.000372884,0.000372884,0.000372884
295,3623.65,0.77134,1.57013,0.84624,1.02171,0.84733,0.6005,0.66631,0.55832,0.84012,0.59281,0.64397,0.47306,0.78643,1.84122,1.30147,1.05857,0.000369889,0.000369889,0.000369889
296,3773.4,0.76747,1.56987,0.85004,1.01963,0.84392,0.60159,0.66728,0.56019,0.83242,0.59645,0.64572,0.47394,0.78446,1.83836,1.29632,1.05742,0.000366899,0.000366899,0.000366899
297,3923.38,0.76404,1.58833,0.83861,1.01539,0.8499,0.59916,0.66708,0.56046,0.83753,0.59333,0.64548,0.47513,0.78604,1.83707,1.2935,1.05832,0.000363915,0.000363915,0.000363915
298,4072.97,0.75979,1.54756,0.83661,1.01509,0.82274,0.61847,0.66825,0.55984,0.83418,0.59817,0.64502,0.47483,0.78886,1.83743,1.29367,1.06019,0.000360937,0.000360937,0.000360937
299,4222.09,0.77788,1.57227,0.84917,1.01932,0.8338,0.61429,0.66862,0.5601,0.83338,0.59883,0.6455,0.4747,0.78953,1.83863,1.29651,1.06048,0.000357964,0.000357964,0.000357964
300,4371.61,0.76858,1.5699,0.83386,1.01837,0.82156,0.61911,0.6679,0.55878,0.81728,0.6045,0.64502,0.47546,0.78938,1.84138,1.29743,1.06019,0.000354998,0.000354998,0.000354998
301,4521.03,0.7712,1.56922,0.84315,1.0152,0.81806,0.61651,0.66661,0.55832,0.81847,0.60297,0.64379,0.47576,0.78882,1.83989,1.29787,1.06008,0.000352037,0.000352037,0.000352037
302,4670.37,0.77144,1.59015,0.84206,1.021,0.81995,0.61584,0.66682,0.55778,0.81853,0.60321,0.64275,0.47596,0.78725,1.84085,1.2952,1.05801,0.000349082,0.000349082,0.000349082
303,4819.89,0.77233,1.58392,0.84886,1.01823,0.81927,0.61552,0.66719,0.55764,0.81856,0.60297,0.64323,0.47625,0.78745,1.8405,1.30108,1.05812,0.000346133,0.000346133,0.000346133
304,4969.81,0.76429,1.53588,0.83025,1.00854,0.7975,0.62847,0.66762,0.55787,0.80797,0.60416,0.64289,0.47699,0.78708,1.83876,1.30466,1.05823,0.00034319,0.00034319,0.00034319
305,5119.91,0.75453,1.54975,0.8259,1.0088,0.81441,0.62085,0.66748,0.55833,0.80961,0.60444,0.64347,0.476,0.78775,1.84419,1.30651,1.05884,0.000340254,0.000340254,0.000340254
306,5269.47,0.75205,1.54218,0.80725,1.00506,0.81892,0.61926,0.66793,0.55906,0.81123,0.60833,0.64455,0.47621,0.78905,1.84772,1.31015,1.06053,0.000337325,0.000337325,0.000337325
307,5419.08,0.75807,1.55181,0.84605,1.00952,0.81901,0.62134,0.66671,0.55887,0.81242,0.60884,0.64322,0.47615,0.79029,1.84752,1.31174,1.06083,0.000334402,0.000334402,0.000334402
308,5569.1,0.7567,1.55384,0.83919,1.01788,0.81938,0.62148,0.66716,0.5584,0.81518,0.61067,0.64604,0.47681,0.78989,1.8448,1.31037,1.06097,0.000331486,0.000331486,0.000331486
309,5719.21,0.76035,1.52876,0.81114,1.00756,0.80859,0.62576,0.66774,0.55916,0.81148,0.60819,0.64575,0.47736,0.78831,1.84527,1.31399,1.06028,0.000328576,0.000328576,0.000328576
310,5870.71,0.76032,1.56786,0.83822,1.0103,0.80772,0.62316,0.66722,0.55878,0.81051,0.60924,0.6459,0.47723,0.78763,1.84282,1.31379,1.06045,0.000325674,0.000325674,0.000325674
311,6021.2,0.75459,1.5894,0.84367,1.01579,0.8056,0.62481,0.66669,0.55913,0.80185,0.61217,0.64572,0.47707,0.78831,1.8438,1.31403,1.0609,0.000322778,0.000322778,0.000322778
312,6171.12,0.76213,1.55693,0.84065,1.01681,0.80511,0.62503,0.6669,0.55919,0.80491,0.61379,0.64645,0.4774,0.78676,1.84951,1.31375,1.06107,0.00031989,0.00031989,0.00031989
313,6321.65,0.76055,1.56314,0.84114,1.01414,0.80778,0.62486,0.66644,0.56082,0.80675,0.61395,0.64636,0.47759,0.78558,1.8485,1.31658,1.06081,0.000317009,0.000317009,0.000317009
314,6472.86,0.76728,1.5663,0.83134,1.01591,0.81911,0.61622,0.66601,0.55891,0.81167,0.60811,0.64614,0.47682,0.78448,1.84511,1.3161,1.06038,0.000314136,0.000314136,0.000314136
315,6624.03,0.75181,1.53361,0.81298,1.01197,0.80552,0.62599,0.66624,0.55982,0.81154,0.61258,0.64667,0.47616,0.78375,1.84179,1.31636,1.06091,0.00031127,0.00031127,0.00031127
316,6775.08,0.75465,1.5544,0.82756,1.01712,0.81087,0.62524,0.66655,0.5615,0.8153,0.61085,0.64767,0.4769,0.78211,1.83923,1.31493,1.05951,0.000308412,0.000308412,0.000308412
317,6926.54,0.76573,1.52069,0.82429,1.0083,0.81902,0.62007,0.66708,0.56233,0.81482,0.61239,0.64834,0.47744,0.78111,1.83986,1.31527,1.05922,0.000305561,0.000305561,0.000305561
318,7078.19,0.76548,1.5518,0.82152,1.01829,0.81175,0.62568,0.66781,0.56309,0.81254,0.61183,0.64899,0.47813,0.78237,1.84169,1.31818,1.06029,0.000302719,0.000302719,0.000302719
319,7229.48,0.75714,1.55195,0.82182,1.0131,0.82098,0.61972,0.66797,0.56383,0.81294,0.61167,0.64977,0.47855,0.78141,1.84074,1.31786,1.05973,0.000299884,0.000299884,0.000299884
320,7380.68,0.75605,1.57744,0.82818,1.01475,0.81985,0.62059,0.66826,0.56309,0.81406,0.61273,0.6506,0.47826,0.78166,1.83877,1.31843,1.06072,0.000297058,0.000297058,0.000297058
321,7531.92,0.75706,1.58932,0.83695,1.02053,0.82066,0.62158,0.6682,0.56352,0.81385,0.61474,0.6507,0.47911,0.78059,1.83715,1.31788,1.05941,0.000294239,0.000294239,0.000294239
322,7683.54,0.75988,1.56426,0.81836,1.01678,0.81506,0.62756,0.67081,0.56574,0.81549,0.6159,0.65209,0.48098,0.78015,1.82405,1.31713,1.05826,0.000291429,0.000291429,0.000291429
323,7834.93,0.76118,1.55886,0.83358,1.01682,0.80783,0.62861,0.67041,0.56563,0.81584,0.61468,0.65194,0.48259,0.78002,1.82145,1.31576,1.05808,0.000288628,0.000288628,0.000288628
324,7986.62,0.74776,1.53974,0.7996,1.00703,0.81091,0.62728,0.67091,0.56493,0.81755,0.61631,0.65189,0.48099,0.78169,1.82094,1.31333,1.05891,0.000285835,0.000285835,0.000285835
325,8137.71,0.74699,1.52176,0.8169,1.00801,0.81492,0.62716,0.67036,0.56535,0.81151,0.62081,0.6521,0.48136,0.78198,1.82183,1.31358,1.05973,0.00028305,0.00028305,0.00028305
326,8288.96,0.74705,1.52118,0.80396,1.00204,0.81347,0.62889,0.67025,0.56565,0.80877,0.6209,0.65046,0.48175,0.78095,1.82133,1.3135,1.05883,0.000280275,0.000280275,0.000280275
327,8440.88,0.75192,1.53464,0.81304,1.01664,0.82059,0.62757,0.67027,0.56566,0.81396,0.61835,0.65019,0.48206,0.77929,1.82088,1.31041,1.05799,0.000277508,0.000277508,0.000277508
328,8592.37,0.7549,1.53804,0.81815,1.00677,0.82274,0.62369,0.67069,0.56612,0.81903,0.61392,0.65033,0.48223,0.77827,1.82165,1.30953,1.0574,0.00027475,0.00027475,0.00027475
329,8744.78,0.75961,1.54775,0.82354,1.00944,0.83045,0.62099,0.67142,0.5668,0.82511,0.60917,0.65078,0.4834,0.77749,1.82042,1.30789,1.05711,0.000272002,0.000272002,0.000272002
330,8895.93,0.75397,1.56579,0.8189,1.01631,0.82711,0.62447,0.67212,0.56675,0.82687,0.61171,0.65132,0.48245,0.7775,1.82027,1.30985,1.05738,0.000269262,0.000269262,0.000269262
331,9046.76,0.7478,1.53619,0.8043,1.0059,0.83642,0.62353,0.67215,0.5665,0.82578,0.61074,0.65171,0.48177,0.77737,1.81944,1.30886,1.0575,0.000266532,0.000266532,0.000266532
332,9197.46,0.73938,1.52451,0.79107,0.99668,0.83585,0.62373,0.67266,0.56609,0.85236,0.60289,0.65237,0.48221,0.77729,1.81955,1.30721,1.0573,0.000263811,0.000263811,0.000263811
333,9348.02,0.73776,1.50514,0.78543,0.99686,0.8351,0.62228,0.67278,0.56588,0.85288,0.59952,0.65329,0.48199,0.77758,1.8226,1.30599,1.05761,0.0002611,0.0002611,0.0002611
334,9498.71,0.76114,1.55972,0.82329,1.01022,0.83532,0.624,0.6728,0.56531,0.86053,0.59887,0.65325,0.48237,0.77782,1.81984,1.30501,1.05779,0.000258398,0.000258398,0.000258398
335,9649.04,0.74431,1.49661,0.79669,0.99525,0.83284,0.62362,0.67219,0.56536,0.84051,0.60527,0.65284,0.48201,0.77836,1.82078,1.30243,1.05778,0.000255707,0.000255707,0.000255707
336,9799.85,0.73401,1.50133,0.78347,1.00063,0.84051,0.62345,0.67215,0.5658,0.841,0.60623,0.65253,0.48104,0.77846,1.82025,1.30105,1.05731,0.000253024,0.000253024,0.000253024
337,9951.15,0.75091,1.52965,0.79447,1.0044,0.83597,0.62587,0.67266,0.56634,0.84204,0.60519,0.65281,0.48221,0.77833,1.8241,1.30271,1.05714,0.000250352,0.000250352,0.000250352
338,10102.8,0.75454,1.53149,0.80609,1.00389,0.8438,0.62359,0.67196,0.56622,0.84459,0.60431,0.65224,0.48217,0.77815,1.8233,1.30425,1.05621,0.00024769,0.00024769,0.00024769
339,10254.3,0.7586,1.56974,0.82096,1.01371,0.84882,0.6224,0.67268,0.56703,0.84623,0.60608,0.65233,0.48207,0.77827,1.82414,1.30532,1.0567,0.000245039,0.000245039,0.000245039
340,10405.9,0.74214,1.50875,0.81149,1.00342,0.84788,0.6237,0.67248,0.56724,0.84676,0.60413,0.65221,0.48149,0.77804,1.82299,1.30386,1.05663,0.000242397,0.000242397,0.000242397
341,10556.7,0.74719,1.5132,0.79233,1.00064,0.84706,0.62415,0.6727,0.56687,0.84526,0.60617,0.65284,0.48158,0.77841,1.8238,1.30396,1.0566,0.000239766,0.000239766,0.000239766
342,10707.4,0.73774,1.51021,0.78303,1.00441,0.84587,0.6233,0.67237,0.56652,0.84673,0.60513,0.65274,0.48118,0.77909,1.82277,1.30362,1.05702,0.000237145,0.000237145,0.000237145
343,10857.4,0.74189,1.49369,0.78601,1.00121,0.84557,0.62338,0.67348,0.56707,0.84834,0.60687,0.65212,0.48086,0.77878,1.82137,1.30406,1.05689,0.000234535,0.000234535,0.000234535
344,11007.7,0.75106,1.53374,0.79556,1.00509,0.84747,0.62309,0.6738,0.56766,0.85639,0.60245,0.65194,0.48108,0.77888,1.82248,1.30238,1.05682,0.000231935,0.000231935,0.000231935
345,11157.8,0.76058,1.55532,0.80539,1.00678,0.85171,0.62004,0.67422,0.56797,0.85432,0.60339,0.65289,0.48111,0.78007,1.82231,1.29941,1.05786,0.000229347,0.000229347,0.000229347
346,11307.8,0.72618,1.47388,0.77061,0.99855,0.84847,0.62233,0.67406,0.56814,0.86187,0.60146,0.65239,0.48084,0.78044,1.82176,1.29895,1.05902,0.000226769,0.000226769,0.000226769
347,11458.2,0.75037,1.52861,0.80565,1.00938,0.84657,0.62375,0.67338,0.56758,0.86486,0.59994,0.65253,0.48061,0.78191,1.82096,1.30015,1.0599,0.000224202,0.000224202,0.000224202
348,11608.8,0.74123,1.52328,0.78679,1.00511,0.84541,0.62414,0.67317,0.56827,0.86289,0.60143,0.65309,0.48154,0.78183,1.81942,1.30099,1.05955,0.000221646,0.000221646,0.000221646
349,11760.4,0.75376,1.54633,0.80708,1.00368,0.85092,0.6225,0.67272,0.56804,0.85576,0.60375,0.65299,0.48132,0.7821,1.825,1.29836,1.0602,0.000219102,0.000219102,0.000219102
350,11910.5,0.73116,1.4818,0.76427,0.9991,0.84984,0.62307,0.67239,0.56803,0.85451,0.60336,0.65235,0.48112,0.78179,1.82967,1.29699,1.05958,0.000216568,0.000216568,0.000216568
351,12060.9,0.73977,1.49679,0.78152,0.99909,0.84971,0.62134,0.67234,0.56756,0.86684,0.59879,0.65247,0.48014,0.78307,1.82949,1.29743,1.06032,0.000214046,0.000214046,0.000214046
352,12211.2,0.73726,1.50288,0.77624,1.00135,0.8482,0.62088,0.6728,0.56796,0.86709,0.59913,0.65295,0.48065,0.78291,1.82977,1.29745,1.05998,0.000211536,0.000211536,0.000211536
353,12360.9,0.74708,1.5345,0.83135,1.00707,0.84775,0.6197,0.67307,0.5675,0.86465,0.59949,0.65305,0.48052,0.78366,1.82827,1.29932,1.06019,0.000209037,0.000209037,0.000209037
354,12510.7,0.74184,1.55241,0.79771,1.00917,0.85131,0.61914,0.67301,0.56735,0.86372,0.60073,0.6528,0.48035,0.78418,1.82889,1.29843,1.06023,0.00020655,0.00020655,0.00020655
355,12660.8,0.74141,1.50988,0.79405,1.00309,0.85234,0.61899,0.6726,0.56707,0.86321,0.60201,0.65257,0.47963,0.7845,1.82637,1.2996,1.06101,0.000204075,0.000204075,0.000204075
356,12810.1,0.72517,1.46715,0.77948,0.99804,0.85187,0.6194,0.67255,0.56693,0.86135,0.6019,0.65284,0.48017,0.78459,1.82175,1.29945,1.06058,0.000201611,0.000201611,0.000201611
357,12959.2,0.73368,1.50416,0.78248,0.99987,0.85312,0.61949,0.67284,0.56766,0.85955,0.60223,0.65309,0.48048,0.78432,1.82041,1.3007,1.05954,0.000199159,0.000199159,0.000199159
358,13108.3,0.73181,1.51097,0.78697,0.99818,0.85519,0.61905,0.67285,0.56823,0.86088,0.60214,0.65357,0.47987,0.7843,1.82454,1.29997,1.0597,0.00019672,0.00019672,0.00019672
359,13258,0.74055,1.50154,0.78756,0.99938,0.85525,0.61939,0.67355,0.56817,0.85698,0.60337,0.65361,0.48001,0.78429,1.82439,1.2999,1.05937,0.000194293,0.000194293,0.000194293
360,13409.4,0.74701,1.53351,0.78501,1.00459,0.85172,0.62133,0.67363,0.56755,0.85501,0.6048,0.65362,0.47996,0.78376,1.82347,1.29926,1.05905,0.000191878,0.000191878,0.000191878
361,13561,0.71706,1.47851,0.76858,0.99164,0.85254,0.62159,0.67392,0.56748,0.85398,0.60578,0.65498,0.48023,0.78309,1.82351,1.29733,1.05837,0.000189475,0.000189475,0.000189475
362,13712.6,0.73014,1.46783,0.75989,0.99812,0.85456,0.62124,0.67401,0.56739,0.85668,0.60537,0.65421,0.48061,0.78399,1.82313,1.29778,1.05928,0.000187085,0.000187085,0.000187085
363,13864.2,0.73636,1.4826,0.77083,0.996,0.85591,0.62104,0.67469,0.56812,0.85606,0.6054,0.65289,0.48124,0.78321,1.81726,1.29812,1.05801,0.000184707,0.000184707,0.000184707
364,14015.8,0.73128,1.4992,0.75779,0.99245,0.85583,0.62264,0.67437,0.56765,0.85607,0.60544,0.65462,0.48085,0.78261,1.81799,1.29753,1.05778,0.000182342,0.000182342,0.000182342
365,14167.5,0.72207,1.47569,0.75671,0.99753,0.85734,0.6227,0.67448,0.56786,0.85216,0.60601,0.65465,0.48136,0.78253,1.81585,1.29681,1.05735,0.00017999,0.00017999,0.00017999
366,14319.2,0.72801,1.48264,0.77451,0.994,0.85503,0.62255,0.67356,0.56847,0.84865,0.60652,0.65427,0.48121,0.78236,1.81843,1.29703,1.05709,0.000177651,0.000177651,0.000177651
367,14471.2,0.72187,1.47016,0.76589,0.99238,0.85548,0.62249,0.67347,0.5676,0.84764,0.60823,0.65386,0.4811,0.78248,1.81895,1.29552,1.05698,0.000175324,0.000175324,0.000175324
368,14622.7,0.74331,1.5049,0.78082,1.00272,0.85444,0.62358,0.67349,0.56803,0.84771,0.60822,0.65397,0.48134,0.78188,1.81909,1.29554,1.05682,0.000173011,0.000173011,0.000173011
369,14774.7,0.71562,1.43689,0.75166,0.99256,0.85176,0.62489,0.67306,0.56743,0.85101,0.60544,0.65337,0.48066,0.78201,1.81808,1.29593,1.05672,0.00017071,0.00017071,0.00017071
370,14927.8,0.74128,1.52056,0.78182,1.00191,0.85036,0.62535,0.67329,0.56761,0.84978,0.60581,0.65349,0.48078,0.7824,1.8182,1.29731,1.05751,0.000168423,0.000168423,0.000168423
371,15080.1,0.72728,1.48243,0.77394,0.99434,0.8507,0.62634,0.6732,0.56776,0.84823,0.60643,0.65307,0.48025,0.78249,1.81771,1.29654,1.05733,0.000166149,0.000166149,0.000166149
372,15231,0.73718,1.49728,0.77222,1.00383,0.85074,0.62649,0.67301,0.56742,0.84554,0.60944,0.65276,0.48019,0.78261,1.81603,1.29704,1.05709,0.000163889,0.000163889,0.000163889
373,15380.9,0.72136,1.43501,0.73667,0.98762,0.84375,0.6299,0.67312,0.56781,0.84477,0.61271,0.65389,0.48004,0.78169,1.81648,1.29627,1.05647,0.000161642,0.000161642,0.000161642
374,15530.6,0.74002,1.52813,0.79406,1.00524,0.84676,0.6277,0.67303,0.56791,0.84576,0.61071,0.65375,0.4797,0.78148,1.8159,1.29642,1.05613,0.000159408,0.000159408,0.000159408
375,15679.5,0.71743,1.46165,0.74731,0.99269,0.84227,0.62885,0.67302,0.56778,0.84434,0.61201,0.65383,0.48014,0.78164,1.81629,1.29661,1.05605,0.000157188,0.000157188,0.000157188
376,15828.5,0.72096,1.46305,0.75496,0.99165,0.8464,0.62801,0.67261,0.56743,0.8438,0.61321,0.65363,0.47932,0.78078,1.81623,1.2971,1.05511,0.000154982,0.000154982,0.000154982
377,15977.4,0.72662,1.47876,0.76296,0.99598,0.85055,0.62723,0.67294,0.56777,0.8428,0.61298,0.65386,0.48064,0.78213,1.81452,1.29875,1.05617,0.00015279,0.00015279,0.00015279
378,16126,0.71407,1.45391,0.74186,0.98996,0.85325,0.62723,0.67314,0.56806,0.84468,0.61317,0.65361,0.48072,0.78248,1.81333,1.29999,1.05685,0.000150611,0.000150611,0.000150611
379,16274.6,0.726,1.45911,0.76183,0.98966,0.85363,0.62677,0.67338,0.56849,0.84658,0.61489,0.65555,0.48137,0.78183,1.81392,1.29919,1.05662,0.000148447,0.000148447,0.000148447
380,16423.3,0.71138,1.44094,0.73617,0.98796,0.8502,0.62835,0.6732,0.56827,0.84424,0.61449,0.65321,0.48098,0.78008,1.81326,1.29783,1.05457,0.000146297,0.000146297,0.000146297
381,16572.1,0.72202,1.46218,0.76413,0.99152,0.85335,0.62776,0.6734,0.56869,0.84565,0.61668,0.65521,0.48059,0.77972,1.81264,1.29666,1.05393,0.000144161,0.000144161,0.000144161
382,16720.6,0.74234,1.51782,0.784,1.0059,0.85447,0.62743,0.67343,0.5685,0.84528,0.61766,0.65547,0.48083,0.77918,1.81238,1.29506,1.05355,0.000142039,0.000142039,0.000142039
383,16869,0.72817,1.47553,0.76598,0.98775,0.85016,0.62911,0.67402,0.56869,0.84524,0.6181,0.6549,0.48067,0.77836,1.81382,1.29436,1.05323,0.000139931,0.000139931,0.000139931
384,17017.6,0.72585,1.47599,0.75893,0.99617,0.85407,0.62781,0.67404,0.56831,0.84539,0.61818,0.65512,0.48135,0.77855,1.81424,1.29469,1.05326,0.000137838,0.000137838,0.000137838
385,17166,0.72676,1.4654,0.75954,0.99927,0.85264,0.62811,0.67414,0.56743,0.84318,0.61733,0.65447,0.48083,0.779,1.81458,1.29525,1.05355,0.000135759,0.000135759,0.000135759
386,17314.6,0.73387,1.48407,0.7769,1.00206,0.8523,0.62825,0.6753,0.56832,0.84216,0.61747,0.65485,0.48183,0.77859,1.81483,1.29472,1.05299,0.000133695,0.000133695,0.000133695
387,17463.4,0.73461,1.48881,0.76768,0.99619,0.853,0.62801,0.67521,0.56805,0.84076,0.61778,0.65489,0.48159,0.77829,1.81416,1.29471,1.05286,0.000131646,0.000131646,0.000131646
388,17612.1,0.72529,1.48543,0.757,0.99336,0.8522,0.62822,0.67488,0.56769,0.84053,0.61777,0.65416,0.4815,0.77828,1.81334,1.29504,1.05229,0.000129611,0.000129611,0.000129611
389,17760.7,0.73298,1.47685,0.75738,0.9913,0.84822,0.62967,0.67547,0.56827,0.8388,0.61801,0.65432,0.48145,0.77869,1.81367,1.29584,1.05318,0.000127591,0.000127591,0.000127591
390,17909.2,0.72058,1.46561,0.75561,0.98999,0.85269,0.62821,0.67539,0.56878,0.84073,0.6176,0.65507,0.48137,0.77848,1.81398,1.29523,1.05298,0.000125586,0.000125586,0.000125586
391,18059.1,0.71894,1.46787,0.74906,0.98746,0.84937,0.62885,0.67548,0.56891,0.83761,0.61901,0.65499,0.48148,0.77907,1.81366,1.29618,1.05307,0.000123596,0.000123596,0.000123596
392,18207.9,0.71276,1.46321,0.7433,0.98705,0.85282,0.6286,0.67539,0.56887,0.841,0.61893,0.65453,0.48193,0.77828,1.81352,1.29547,1.05241,0.000121621,0.000121621,0.000121621
393,18356.5,0.73447,1.49434,0.76863,0.99447,0.85268,0.62818,0.67571,0.56844,0.84199,0.61918,0.65585,0.482,0.77867,1.81307,1.29607,1.05262,0.000119661,0.000119661,0.000119661
394,18504.9,0.71663,1.41825,0.7429,0.99023,0.85187,0.62895,0.67614,0.56885,0.84175,0.6193,0.65596,0.48311,0.77875,1.81718,1.29546,1.05281,0.000117717,0.000117717,0.000117717
395,18653.4,0.73544,1.48358,0.76455,0.99256,0.84869,0.6306,0.67556,0.56888,0.84041,0.61983,0.65555,0.48263,0.77863,1.81361,1.29628,1.05272,0.000115787,0.000115787,0.000115787
396,18801.6,0.72262,1.47275,0.74821,0.99417,0.84602,0.63026,0.67574,0.56942,0.83985,0.61923,0.65589,0.48308,0.77875,1.81413,1.2958,1.05275,0.000113873,0.000113873,0.000113873
397,18950.3,0.71797,1.45802,0.75091,0.99219,0.84882,0.6291,0.67585,0.56923,0.84072,0.61903,0.6559,0.48262,0.7785,1.81598,1.29593,1.05239,0.000111975,0.000111975,0.000111975
398,19098.5,0.73305,1.50174,0.76409,0.99469,0.84736,0.6296,0.67576,0.56909,0.84212,0.61852,0.65589,0.48256,0.77817,1.81718,1.29506,1.05199,0.000110092,0.000110092,0.000110092
399,19246.8,0.71108,1.45162,0.74168,0.98942,0.85401,0.62833,0.67563,0.56947,0.84413,0.61846,0.65591,0.4819,0.77838,1.81462,1.29393,1.05229,0.000108224,0.000108224,0.000108224
400,19395.2,0.71389,1.46873,0.74333,0.9864,0.85037,0.6293,0.67567,0.56925,0.84305,0.61903,0.65598,0.48198,0.7782,1.81671,1.29493,1.05215,0.000106373,0.000106373,0.000106373
401,19544.4,0.71369,1.44863,0.73842,0.98507,0.85174,0.62905,0.67574,0.56945,0.84284,0.61884,0.65603,0.48282,0.77793,1.81661,1.29399,1.05208,0.000104537,0.000104537,0.000104537
402,19693.5,0.7155,1.45435,0.74464,0.99015,0.85227,0.62864,0.67544,0.5698,0.84376,0.61809,0.65598,0.48251,0.77835,1.8143,1.29332,1.05205,0.000102716,0.000102716,0.000102716
403,19842.1,0.72307,1.48969,0.76375,0.99718,0.85279,0.62823,0.67559,0.56975,0.84536,0.61579,0.65507,0.48213,0.77939,1.81445,1.29413,1.05275,0.000100912,0.000100912,0.000100912
404,19990.4,0.72875,1.50095,0.76573,0.99704,0.85382,0.62892,0.6755,0.56961,0.84651,0.61558,0.65491,0.482,0.77921,1.81712,1.29386,1.05246,9.91237e-05,9.91237e-05,9.91237e-05
405,20138.9,0.71765,1.47018,0.75192,0.99372,0.85228,0.62928,0.67571,0.57013,0.84571,0.6156,0.65456,0.48218,0.77944,1.81676,1.29426,1.05247,9.73514e-05,9.73514e-05,9.73514e-05
406,20287.2,0.71915,1.48969,0.75299,0.99898,0.84981,0.62903,0.67574,0.56982,0.84701,0.61499,0.6556,0.48225,0.77907,1.81675,1.29573,1.05235,9.55951e-05,9.55951e-05,9.55951e-05
407,20435.7,0.71524,1.4626,0.74294,0.98652,0.85124,0.62956,0.67581,0.57027,0.84441,0.61663,0.65517,0.48258,0.77916,1.8144,1.29476,1.05235,9.3855e-05,9.3855e-05,9.3855e-05
408,20584.5,0.71131,1.44363,0.73626,0.98348,0.85145,0.62922,0.67586,0.5704,0.84486,0.61638,0.65479,0.48268,0.77924,1.81426,1.29497,1.05249,9.21312e-05,9.21312e-05,9.21312e-05
409,20733.3,0.72412,1.45598,0.75038,0.98813,0.85158,0.62866,0.6756,0.57005,0.84718,0.61446,0.65453,0.48348,0.77861,1.81465,1.29629,1.05237,9.04236e-05,9.04236e-05,9.04236e-05
410,20883,0.72235,1.46172,0.73431,0.98796,0.854,0.62795,0.67585,0.57043,0.84863,0.61508,0.65655,0.48405,0.77908,1.81396,1.29498,1.05234,8.87324e-05,8.87324e-05,8.87324e-05
411,21031.7,0.71745,1.45843,0.75082,0.9913,0.85419,0.6278,0.6758,0.57027,0.84891,0.61488,0.65605,0.48417,0.77916,1.81419,1.29617,1.05236,8.70577e-05,8.70577e-05,8.70577e-05
412,21180.6,0.72266,1.48635,0.75624,0.99573,0.85127,0.6288,0.67618,0.57079,0.84926,0.61479,0.65655,0.48409,0.77888,1.81424,1.2958,1.05202,8.53994e-05,8.53994e-05,8.53994e-05
413,21329.6,0.72175,1.46761,0.74475,0.99493,0.85537,0.62759,0.67612,0.5706,0.85007,0.61474,0.65674,0.48423,0.77821,1.81424,1.29571,1.0519,8.37577e-05,8.37577e-05,8.37577e-05
414,21478,0.71799,1.44781,0.74894,0.99373,0.85551,0.62748,0.67616,0.57129,0.85024,0.61461,0.65633,0.4844,0.77829,1.81439,1.29549,1.05186,8.21327e-05,8.21327e-05,8.21327e-05
415,21626.4,0.72718,1.45214,0.7418,0.99465,0.85664,0.62789,0.67676,0.57098,0.84861,0.61512,0.65631,0.48418,0.77789,1.81437,1.29541,1.05147,8.05243e-05,8.05243e-05,8.05243e-05
416,21774.7,0.71035,1.45092,0.7415,0.99113,0.85685,0.62774,0.6768,0.57121,0.84867,0.6151,0.65639,0.48427,0.77755,1.8145,1.2961,1.05131,7.89327e-05,7.89327e-05,7.89327e-05
417,21923.1,0.71551,1.45509,0.73396,0.98414,0.85655,0.6278,0.6769,0.57127,0.84839,0.61554,0.65681,0.4842,0.77744,1.81472,1.29545,1.05107,7.73579e-05,7.73579e-05,7.73579e-05
418,22071.6,0.7231,1.4813,0.74992,0.9945,0.85426,0.62812,0.67645,0.57143,0.84669,0.61545,0.65607,0.48386,0.77706,1.8141,1.29513,1.05073,7.58e-05,7.58e-05,7.58e-05
419,22219.9,0.71286,1.44456,0.74256,0.99165,0.85512,0.62859,0.67697,0.57122,0.84793,0.61574,0.65647,0.48391,0.77685,1.81552,1.29633,1.05069,7.4259e-05,7.4259e-05,7.4259e-05
420,22368.3,0.71429,1.44862,0.72795,0.98433,0.85385,0.62852,0.67659,0.57072,0.84446,0.61408,0.65424,0.48393,0.7768,1.81523,1.29593,1.05076,7.27351e-05,7.27351e-05,7.27351e-05
421,22516.6,0.70787,1.45693,0.73405,0.98638,0.85382,0.62867,0.67657,0.57093,0.8418,0.61594,0.65442,0.48419,0.77641,1.81527,1.29568,1.05063,7.12282e-05,7.12282e-05,7.12282e-05
422,22664.9,0.71423,1.46127,0.73541,0.98656,0.85339,0.62893,0.67696,0.57101,0.84192,0.61586,0.65471,0.48403,0.77591,1.81541,1.29553,1.05038,6.97384e-05,6.97384e-05,6.97384e-05
423,22813.3,0.70774,1.44061,0.73525,0.98551,0.85207,0.63007,0.67702,0.57057,0.84189,0.61629,0.6548,0.4841,0.77589,1.8176,1.29513,1.0506,6.82658e-05,6.82658e-05,6.82658e-05
424,22961.9,0.71312,1.45124,0.74368,0.99118,0.85231,0.62989,0.67743,0.57098,0.84302,0.6157,0.65513,0.48412,0.77581,1.81726,1.29548,1.05076,6.68105e-05,6.68105e-05,6.68105e-05
425,23110.2,0.73065,1.48156,0.75543,0.99942,0.85207,0.62951,0.67701,0.57034,0.84243,0.61523,0.65474,0.48374,0.7753,1.81673,1.29489,1.0501,6.53725e-05,6.53725e-05,6.53725e-05
426,23258.8,0.71114,1.42503,0.72567,0.98698,0.85269,0.62885,0.67731,0.5705,0.84372,0.61492,0.655,0.48406,0.77525,1.81648,1.29438,1.04999,6.39518e-05,6.39518e-05,6.39518e-05
427,23407,0.727,1.47794,0.75131,0.99269,0.85051,0.62945,0.67684,0.57062,0.8416,0.61528,0.65463,0.48404,0.77536,1.81397,1.29495,1.04974,6.25485e-05,6.25485e-05,6.25485e-05
428,23555,0.70859,1.4464,0.7365,0.98695,0.85056,0.62939,0.6768,0.57067,0.84187,0.61516,0.6546,0.48367,0.77465,1.81411,1.29413,1.04964,6.11627e-05,6.11627e-05,6.11627e-05
429,23702.9,0.71775,1.45557,0.74484,0.99126,0.85055,0.62952,0.67683,0.5704,0.8417,0.6152,0.65459,0.48439,0.77436,1.81403,1.29382,1.04961,5.97944e-05,5.97944e-05,5.97944e-05
430,23850.9,0.72903,1.47489,0.74634,0.99139,0.85061,0.62948,0.67677,0.57069,0.84174,0.61523,0.65455,0.48375,0.77412,1.81305,1.29417,1.04929,5.84437e-05,5.84437e-05,5.84437e-05
431,23999.9,0.70884,1.44575,0.72837,0.98447,0.85025,0.6297,0.67691,0.57099,0.84108,0.61544,0.65474,0.48347,0.77406,1.81293,1.29355,1.04924,5.71106e-05,5.71106e-05,5.71106e-05
432,24147.9,0.72565,1.4851,0.75316,0.99777,0.85064,0.62939,0.67692,0.57112,0.84167,0.61515,0.65433,0.48383,0.77359,1.81256,1.29462,1.04911,5.57952e-05,5.57952e-05,5.57952e-05
433,24296.3,0.72145,1.45178,0.73671,0.99009,0.85028,0.62942,0.67685,0.57071,0.84068,0.61534,0.65432,0.4841,0.77393,1.81269,1.29378,1.04945,5.44975e-05,5.44975e-05,5.44975e-05
434,24444.5,0.7041,1.43599,0.72832,0.9798,0.84724,0.63047,0.6766,0.57109,0.83397,0.6182,0.65454,0.48392,0.77357,1.81251,1.29356,1.04935,5.32177e-05,5.32177e-05,5.32177e-05
435,24592.6,0.70057,1.4185,0.70337,0.97814,0.84805,0.62994,0.67657,0.57132,0.83504,0.61786,0.65451,0.48418,0.77413,1.81186,1.29346,1.04955,5.19556e-05,5.19556e-05,5.19556e-05
436,24740.8,0.71807,1.45925,0.73528,0.99189,0.84777,0.63022,0.6764,0.57168,0.83465,0.61803,0.65456,0.48425,0.77384,1.81196,1.29438,1.04951,5.07115e-05,5.07115e-05,5.07115e-05
437,24889,0.71622,1.45224,0.72961,0.98753,0.84685,0.63045,0.67677,0.57177,0.83467,0.61794,0.6548,0.4846,0.77418,1.81233,1.29433,1.05009,4.94852e-05,4.94852e-05,4.94852e-05
438,25037.4,0.70828,1.44076,0.72342,0.98329,0.8458,0.63061,0.67678,0.57182,0.83444,0.61783,0.65484,0.48454,0.77449,1.81243,1.29471,1.05045,4.8277e-05,4.8277e-05,4.8277e-05
439,25185.8,0.70968,1.43776,0.72874,0.98188,0.84631,0.63016,0.67691,0.57212,0.83389,0.61701,0.65488,0.48474,0.7742,1.81228,1.2933,1.05022,4.70868e-05,4.70868e-05,4.70868e-05
440,25334.1,0.72112,1.42884,0.72478,0.98984,0.84762,0.62946,0.67692,0.57212,0.83505,0.61749,0.65487,0.48434,0.77406,1.81242,1.29364,1.05019,4.59146e-05,4.59146e-05,4.59146e-05
441,25482.3,0.71459,1.47506,0.75019,0.99077,0.84629,0.62955,0.67667,0.57208,0.83439,0.61739,0.65463,0.48406,0.77378,1.81262,1.29351,1.05031,4.47606e-05,4.47606e-05,4.47606e-05
442,25630.7,0.71367,1.45198,0.72906,0.98936,0.84556,0.62983,0.67705,0.57219,0.83338,0.61672,0.65447,0.48422,0.7738,1.81268,1.29291,1.05026,4.36248e-05,4.36248e-05,4.36248e-05
443,25778.7,0.71814,1.45904,0.72371,0.98668,0.84565,0.6298,0.67701,0.57246,0.83348,0.61736,0.65494,0.48437,0.7731,1.81202,1.2926,1.05003,4.25072e-05,4.25072e-05,4.25072e-05
444,25926.9,0.71157,1.43249,0.73284,0.98423,0.8465,0.62939,0.67676,0.57221,0.83373,0.61726,0.65473,0.48395,0.773,1.81303,1.29289,1.04963,4.14078e-05,4.14078e-05,4.14078e-05
445,26075.1,0.70983,1.44073,0.72077,0.98731,0.8463,0.6298,0.67687,0.57212,0.83366,0.61771,0.65562,0.48455,0.77357,1.81281,1.29253,1.05023,4.03267e-05,4.03267e-05,4.03267e-05
446,26223.3,0.70623,1.4474,0.71764,0.98738,0.84635,0.6295,0.67703,0.57205,0.83369,0.61736,0.65574,0.48483,0.7735,1.81271,1.29307,1.05019,3.9264e-05,3.9264e-05,3.9264e-05
447,26371.6,0.70769,1.46197,0.73373,0.98486,0.84639,0.62957,0.67722,0.57244,0.83428,0.61815,0.65638,0.48425,0.77324,1.81257,1.29338,1.04967,3.82197e-05,3.82197e-05,3.82197e-05
448,26519.6,0.70397,1.43441,0.713,0.98433,0.84703,0.62965,0.67713,0.57244,0.83398,0.6176,0.65592,0.48409,0.77298,1.81297,1.29322,1.04974,3.71938e-05,3.71938e-05,3.71938e-05
449,26667.9,0.71353,1.43934,0.72985,0.9839,0.84624,0.62959,0.67722,0.5727,0.83383,0.61734,0.65601,0.48421,0.77316,1.81235,1.29306,1.04981,3.61863e-05,3.61863e-05,3.61863e-05
450,26817.2,0.70913,1.43311,0.72183,0.98422,0.84656,0.62982,0.6771,0.57258,0.83391,0.61734,0.65589,0.4842,0.77266,1.81196,1.29287,1.04958,3.51974e-05,3.51974e-05,3.51974e-05
451,26966.7,0.703,1.42665,0.71464,0.97824,0.84688,0.62952,0.67723,0.5729,0.83381,0.61727,0.65605,0.48405,0.77317,1.81203,1.29339,1.05013,3.4227e-05,3.4227e-05,3.4227e-05
452,27115,0.71696,1.46218,0.73632,0.98805,0.84697,0.62893,0.67731,0.57291,0.83353,0.61694,0.6561,0.4839,0.77265,1.81125,1.29381,1.05002,3.32752e-05,3.32752e-05,3.32752e-05
453,27263.3,0.70338,1.42641,0.72527,0.98476,0.84634,0.6292,0.6771,0.5722,0.83361,0.61711,0.65622,0.48357,0.77264,1.81084,1.29292,1.04976,3.23421e-05,3.23421e-05,3.23421e-05
454,27411.4,0.71689,1.45132,0.72521,0.98541,0.84626,0.62865,0.6773,0.57235,0.83326,0.61686,0.6559,0.48422,0.77276,1.81049,1.29369,1.05003,3.14275e-05,3.14275e-05,3.14275e-05
455,27559.4,0.71549,1.4515,0.72853,0.98757,0.8482,0.62872,0.67736,0.57232,0.83602,0.61714,0.65594,0.48404,0.77331,1.81047,1.29423,1.05021,3.05317e-05,3.05317e-05,3.05317e-05
456,27708,0.71669,1.45047,0.72297,0.99012,0.84848,0.63052,0.67728,0.57223,0.83536,0.61754,0.65595,0.48413,0.77314,1.81038,1.29471,1.05011,2.96546e-05,2.96546e-05,2.96546e-05
457,27856.5,0.71444,1.47331,0.73652,0.9944,0.84799,0.63065,0.67726,0.57236,0.83496,0.61763,0.65597,0.4848,0.77254,1.80941,1.29428,1.04954,2.87963e-05,2.87963e-05,2.87963e-05
458,28004.7,0.71418,1.42995,0.72338,0.98195,0.8471,0.63039,0.67746,0.57222,0.83462,0.61807,0.65607,0.48427,0.77279,1.80995,1.295,1.04971,2.79568e-05,2.79568e-05,2.79568e-05
459,28152.8,0.71161,1.44919,0.72958,0.98166,0.84652,0.62986,0.67719,0.57238,0.83573,0.61706,0.6558,0.48505,0.77247,1.80945,1.29489,1.0495,2.71361e-05,2.71361e-05,2.71361e-05
460,28301,0.70303,1.41515,0.72559,0.97616,0.84625,0.63037,0.67725,0.57218,0.83451,0.6177,0.65586,0.48496,0.77249,1.80932,1.295,1.04959,2.63343e-05,2.63343e-05,2.63343e-05
461,28449.1,0.69104,1.42421,0.68907,0.9798,0.84663,0.63015,0.67728,0.57224,0.8342,0.61809,0.65592,0.48503,0.77256,1.80931,1.29631,1.04946,2.55513e-05,2.55513e-05,2.55513e-05
462,28597.2,0.70306,1.45774,0.73087,0.9808,0.84673,0.63002,0.67731,0.57216,0.83436,0.6182,0.65599,0.48425,0.77245,1.80918,1.29653,1.04967,2.47873e-05,2.47873e-05,2.47873e-05
463,28745.3,0.70656,1.41849,0.71296,0.97988,0.84798,0.63094,0.67734,0.57233,0.83378,0.61808,0.65426,0.48462,0.77257,1.80933,1.29637,1.04938,2.40423e-05,2.40423e-05,2.40423e-05
464,28893.4,0.71537,1.44372,0.73151,0.98838,0.84726,0.63039,0.67737,0.57226,0.83419,0.61793,0.65432,0.48535,0.7722,1.81085,1.29685,1.04939,2.33162e-05,2.33162e-05,2.33162e-05
465,29041.5,0.7097,1.435,0.72424,0.97972,0.84787,0.63087,0.6773,0.57202,0.83372,0.61814,0.65421,0.48497,0.77203,1.81047,1.29689,1.04919,2.26092e-05,2.26092e-05,2.26092e-05
466,29189.4,0.68915,1.38724,0.69289,0.97655,0.8471,0.63038,0.67736,0.57242,0.83439,0.61782,0.65433,0.48519,0.77213,1.81018,1.29646,1.04929,2.19212e-05,2.19212e-05,2.19212e-05
467,29337.7,0.71113,1.44188,0.72781,0.98563,0.84837,0.63068,0.67732,0.57238,0.83569,0.61777,0.65428,0.48501,0.77195,1.80837,1.29637,1.0491,2.12523e-05,2.12523e-05,2.12523e-05
468,29486.2,0.71387,1.44551,0.73084,0.98875,0.8487,0.63069,0.67737,0.57226,0.83527,0.61799,0.65441,0.48524,0.77204,1.80792,1.29624,1.04916,2.06025e-05,2.06025e-05,2.06025e-05
469,29634.3,0.7041,1.42773,0.70913,0.98496,0.84946,0.6306,0.67722,0.57222,0.8363,0.61763,0.65421,0.4854,0.77152,1.80758,1.29645,1.04896,1.99717e-05,1.99717e-05,1.99717e-05
470,29782.5,0.71197,1.42851,0.7131,0.984,0.85112,0.6303,0.6772,0.57224,0.83633,0.61751,0.65419,0.48532,0.77174,1.80969,1.29641,1.04914,1.93602e-05,1.93602e-05,1.93602e-05
471,29930.7,0.71295,1.46278,0.73803,0.98738,0.84819,0.63064,0.67719,0.57232,0.83371,0.61773,0.6541,0.4854,0.77172,1.80779,1.29633,1.04895,1.87678e-05,1.87678e-05,1.87678e-05
472,30080.2,0.70357,1.43545,0.71538,0.97878,0.84834,0.63095,0.67728,0.57226,0.83374,0.61784,0.65423,0.48539,0.7719,1.8078,1.29666,1.049,1.81946e-05,1.81946e-05,1.81946e-05
473,30228.3,0.68873,1.3911,0.69963,0.97172,0.84851,0.63099,0.67731,0.57231,0.83382,0.61809,0.65442,0.48609,0.77179,1.80642,1.29673,1.04894,1.76407e-05,1.76407e-05,1.76407e-05
474,30376.8,0.71172,1.45115,0.71818,0.98275,0.84875,0.6308,0.67729,0.57223,0.83381,0.61768,0.6543,0.4862,0.77158,1.80618,1.29662,1.04885,1.71059e-05,1.71059e-05,1.71059e-05
475,30525.4,0.70672,1.43016,0.72362,0.9843,0.84775,0.63145,0.67734,0.57244,0.8331,0.61854,0.65455,0.4864,0.77168,1.80674,1.29674,1.04898,1.65905e-05,1.65905e-05,1.65905e-05
476,30673.8,0.70018,1.40385,0.71132,0.97666,0.84738,0.63108,0.67729,0.57233,0.8342,0.62026,0.65642,0.48631,0.77181,1.80623,1.29704,1.04909,1.60943e-05,1.60943e-05,1.60943e-05
477,30822.3,0.71192,1.45637,0.7315,0.98764,0.84765,0.6311,0.67742,0.57238,0.83491,0.61983,0.65629,0.48691,0.77169,1.80671,1.29647,1.04895,1.56174e-05,1.56174e-05,1.56174e-05
478,30970.5,0.69028,1.41367,0.71102,0.97664,0.8476,0.63128,0.67734,0.57239,0.83492,0.62002,0.6565,0.48652,0.77169,1.80605,1.29741,1.049,1.51598e-05,1.51598e-05,1.51598e-05
479,31118.6,0.70983,1.45522,0.71757,0.98283,0.84786,0.63114,0.67742,0.57223,0.83281,0.61823,0.65455,0.48657,0.77153,1.80602,1.2968,1.04887,1.47216e-05,1.47216e-05,1.47216e-05
480,31266.8,0.70759,1.43829,0.71409,0.97787,0.84804,0.63113,0.67744,0.57246,0.83294,0.6182,0.65448,0.48616,0.77141,1.80619,1.29618,1.04897,1.43027e-05,1.43027e-05,1.43027e-05
481,31414.9,0.69328,1.39355,0.69139,0.97412,0.84781,0.63139,0.67741,0.57259,0.83451,0.62029,0.65646,0.48691,0.77151,1.80547,1.29634,1.04884,1.39032e-05,1.39032e-05,1.39032e-05
482,31563.4,0.70173,1.43742,0.71366,0.97657,0.84935,0.63123,0.67794,0.57303,0.83609,0.61987,0.65674,0.48649,0.77131,1.80534,1.29645,1.04851,1.35231e-05,1.35231e-05,1.35231e-05
483,31712.2,0.69796,1.41932,0.70156,0.97962,0.84957,0.63138,0.67791,0.57294,0.83619,0.62024,0.6569,0.48688,0.77139,1.80517,1.29681,1.04856,1.31624e-05,1.31624e-05,1.31624e-05
484,31860.9,0.69826,1.41251,0.7116,0.9803,0.84956,0.63126,0.67802,0.57316,0.83605,0.62034,0.65711,0.48766,0.77137,1.8047,1.29673,1.04839,1.28211e-05,1.28211e-05,1.28211e-05
485,32009.7,0.70811,1.42019,0.71696,0.98088,0.84795,0.63119,0.6778,0.573,0.83455,0.62004,0.6569,0.48741,0.77121,1.80483,1.29701,1.04848,1.24992e-05,1.24992e-05,1.24992e-05
486,32157.6,0.69926,1.42978,0.70986,0.97773,0.84868,0.63114,0.67789,0.57296,0.8355,0.62012,0.65696,0.48732,0.77161,1.8044,1.29747,1.04849,1.21968e-05,1.21968e-05,1.21968e-05
487,32305.9,0.71199,1.43467,0.71217,0.98396,0.84929,0.63042,0.6778,0.57302,0.83603,0.62047,0.65681,0.48708,0.77124,1.80458,1.297,1.04837,1.19139e-05,1.19139e-05,1.19139e-05
488,32454.2,0.69586,1.38284,0.69578,0.97723,0.84502,0.63025,0.67737,0.57256,0.83191,0.62005,0.6566,0.48655,0.77146,1.80437,1.29669,1.04834,1.16504e-05,1.16504e-05,1.16504e-05
489,32602.6,0.69307,1.40506,0.69045,0.97378,0.84608,0.63054,0.67746,0.57279,0.83067,0.6188,0.65484,0.48647,0.7712,1.8041,1.2964,1.04815,1.14063e-05,1.14063e-05,1.14063e-05
490,32750.8,0.69161,1.38487,0.69706,0.97511,0.846,0.63068,0.67751,0.57287,0.83259,0.62062,0.6568,0.487,0.77151,1.80402,1.29719,1.04827,1.11818e-05,1.11818e-05,1.11818e-05
491,32899.1,0.59313,1.15221,0.44718,0.93187,0.84692,0.62951,0.67754,0.57288,0.83214,0.61995,0.65677,0.48713,0.77122,1.80368,1.29639,1.04804,1.09768e-05,1.09768e-05,1.09768e-05
492,33045,0.59045,1.16178,0.43847,0.92439,0.8489,0.62951,0.67794,0.57321,0.83436,0.6199,0.65764,0.48724,0.77126,1.8034,1.29606,1.04782,1.07912e-05,1.07912e-05,1.07912e-05
493,33190.6,0.58332,1.135,0.43635,0.9208,0.84966,0.62949,0.67726,0.5729,0.83316,0.61808,0.65571,0.48678,0.77084,1.80283,1.29702,1.04763,1.06252e-05,1.06252e-05,1.06252e-05
494,33336.4,0.5855,1.14934,0.44431,0.93117,0.84841,0.62969,0.67686,0.57254,0.831,0.61836,0.65517,0.48654,0.77027,1.80319,1.2961,1.04737,1.04787e-05,1.04787e-05,1.04787e-05
495,33482.5,0.59541,1.13822,0.44384,0.929,0.84988,0.62972,0.67742,0.57306,0.83316,0.61813,0.65579,0.48682,0.77022,1.80361,1.29613,1.04733,1.03517e-05,1.03517e-05,1.03517e-05
496,33628.4,0.59271,1.14849,0.44379,0.92732,0.84998,0.62967,0.6775,0.57323,0.83488,0.61993,0.65731,0.48725,0.77048,1.8036,1.29733,1.0473,1.02443e-05,1.02443e-05,1.02443e-05
497,33774.3,0.58935,1.13815,0.4348,0.92349,0.84991,0.62901,0.67803,0.57331,0.8347,0.61749,0.65548,0.48693,0.77037,1.80342,1.29728,1.04762,1.01563e-05,1.01563e-05,1.01563e-05
498,33920.3,0.58698,1.13518,0.43591,0.93056,0.8491,0.62914,0.67813,0.57339,0.83904,0.6184,0.6574,0.4871,0.77053,1.80369,1.29804,1.04754,1.00879e-05,1.00879e-05,1.00879e-05
499,34066.3,0.58695,1.14202,0.43742,0.92995,0.8491,0.62914,0.67794,0.57314,0.83391,0.61759,0.65542,0.48677,0.77021,1.80319,1.2977,1.04716,1.00391e-05,1.00391e-05,1.00391e-05
500,34212.6,0.5828,1.14116,0.43168,0.92589,0.84962,0.62897,0.67805,0.57318,0.83392,0.6175,0.65556,0.48688,0.77004,1.80346,1.29797,1.04734,1.00098e-05,1.00098e-05,1.00098e-05
